日均UV,平均注册率,平均搜索量,访问深度,平均停留时间,订单转化率,投放总时间
3.69,0.0071,0.0214,2.3071,419.77,0.0258,20
178.7,0.004,0.0324,2.0489,157.94,0.003,19
91.77,0.0022,0.053,1.8771,357.93,0.0026,4
1.09,0.0074,0.3382,4.2426,364.07,0.0153,10
3.37,0.0028,0.174,2.1934,313.34,0.0007,30
0.95,0.0141,0.4155,4.2113,415.56,0.0276,2
3.3,0.0028,0.0852,1.7358,155.19,0.0007,4
11.91,0.0032,0.0539,2.3751,243.29,0.0032,4
49.21,0.0038,0.0448,2.3813,257.53,0.003,6
46.31,0.0044,0.0559,2.2621,231.91,0.0029,16
125.55,0.0021,0.013000000000000001,2.0766,238.87,0.0018,19
115.38,0.002,0.0184,2.0319,205.02,0.0018,8
12.71,0.0008,0.0188,2.0617,228.4,0.0024,21
0.74,0,0.0125,1.425,152.1,0,14
408.42,0.0015,0.0117,1.9114,172.92,0.0025,9
13.52,0.0021,0.0141,1.8211,176.53,0.0025,15
1.53,0.0128,0.0128,1.6603,222.31,0.0047,12
2.32,0,0.0042,1.9789,267.97,0,30
20.6,0.0009,0.013999999999999999,1.7237,245.72,0.0016,11
31.84,0.0015,0.0132,1.6553,227.03,0.0012,22
30.74,0.0031,0.0103,1.6126,273.09,0.0027,14
87.57,0.0014,0.0094,1.7953,170.74,0.0026,13
155.81,0.0016,0.0122,1.8087,165.21,0.0026,9
1.42,0,0.0133,1.5467,195.21,0.0017,19
471.3,0.0021,0.0115,1.7931,172.97,0.0026,30
397.16,0.002,0.0105,2.3973,244.97,0.0026,23
0.73,0,0.012,2.0843,266.12,0,18
56.99,0.0029,0.0124,1.8223,158.79,0.0024,5
2699.42,0.006,0.0799,3.8914,362.45,0.0089,18
1.26,0,0.0152,1.8485,103.7,0,12
0.97,0.0096,0.0288,2.1058,263.03,0.0025,25
51.47,0.0036,0.009000000000000001,1.4805,177.47,0.0041,29
396.72,0.0027,0.0091,1.5081,154.08,0.0031,27
120.11,0.0042,0.0095,1.4805,161.68,0.0034,27
162.44,0.0012,0.0094,1.6565,111.44,0.0013,23
18.11,0.0016,0.0065,1.8496,126.2,0.0024,30
3282.76,0.0024,0.0082,2.3239,247.37,0.0029,21
3.02,0,0.0062,2.3292,319.37,0.0063,18
2687.24,0.0037,0.009000000000000001,2.4957,244.23,0.0049,28
148.06,0.0063,0.0226,3.4601,346.18,0.0115,7
975.09,0.0044,0.0109,2.4405,221.94,0.0065,26
1.78,0.0053,0.0107,2.2299,258.69,0.004,23
1.02,0,0.019,1.9143,383.9,0,5
0.72,0,0,1.8182,452.26,0,13
1.41,0.0067,0.0201,1.7517,353.21,0,12
408.62,0.0033,0.0183,2.9112,300.89,0.0056,30
26,0.0041,0.0075,1.5792,224.96,0.0017,2
5.37,0.0018,0.018000000000000002,1.9928,181.93,0.0049,15
131.25,0.004,0.0082,2.0127,235.72,0.0072,6
1021.84,0.0012,0.0085,2.0031,191.94,0.0014,13
1.45,0,0,1.8649,183.42,0.0016,14
397.25,0.004,0.0174,2.7874,292.63,0.0029,8
158.33,0.0035,0.0138,2.5696,296.33,0.0023,1
1.34,0,0,1.3037,233.04,0,24
3.89,0.0024,0.0048,2.2153,448.55,0.0043,19
4.22,0,0.0184,1.8782,218.95,0.0011,7
1.13,0,0.0168,1.8487,328.79,0,25
62.11,0.0002,0.0107,1.8414,187.24,0.0015,12
434.67,0.0012,0.0119,2.6377,227.92,0.0017,12
5.12,0.0076,0.017,2.2231,245.51,0.0005,19
1.23,0.0391,0,2.1172,451.57,0.0039,14
0.85,0,0.0115,2.2414,321.12,0.0168,27
351.81,0.0028,0.0102,2.5722,258.83,0.0044,11
28.28,0.0014,0.0038,2.52,245.31,0.0017,6
216.24,0.0019,0.0106,2.3688,205.55,0.0012,27
37.56,0.0015,0.0159,2.265,238.15,0.0058,9
166.28,0.0034,0.0057,2.6545,246.89,0.0029,15
0.75,0,0,1.4026,137.35,0,17
1.97,0.005,0,1.7525,196.86,0.0012,24
4.44,0,0,1.3474,507.23,0.0005,23
31.71,0.0003,0.0006,1.0971,263.7,0.0001,15
127.05,0.0006,0.0029,1.2228,171.44,0.0003,5
8.99,0,0.0033,1.4880000000000002,170.9,0.0005,4
7.75,0,0.0013,1.0772,403.79,0,5
239.05,0.0007,0.0017,1.1348,306.17,0.0004,25
230.14,0,0.0018,1.0898,272.55,0.0001,17
8.28,0,0.0036,1.0597,232.46,0.0006,4
16.76,0.0006,0,1.1097,348.37,0,17
2.42,0,0.0041,1.0531,178.38,0,5
7.34,0,0.0067,1.1566,333.67,0.0003,18
1.57,0,0,1.6164,193.02,0,27
1.38,0,0,2.0719,197.82,0,2
54.69,0.0027,0.0014,2.2761,216.27,0.0015,26
1.65,0.0172,0.0057,2.4023,252.81,0.0029,4
23.52,0.005,0.0021,2.5657,188.77,0.0014,13
64.87,0.0015,0.0134,2.2853,248.46,0.0015,24
5.76,0,0.0085,1.6576,101.15,0.0025,29
15.28,0.0049,0.0339,2.5675,291.15,0.0067,14
50.49,0.0041,0.0285,2.7619,207.25,0.0033,26
0.96,0.01,0.03,2.32,183.64,0,19
0.72,0,0.0676,1.8378,256.22,0.0066,22
48.73,0.0016,0.0116,1.8536,155.87,0.0024,16
207.03,0.0019,0.01,1.9715,153.84,0.0024,4
1.1,0,0.0179,1.7143,237.55,0,9
1.89,0,0.0206,1.9845,199.78,0.0025,4
1.94,0,0,1.3969,103.57,0,19
0.75,0,0.0132,1.8158,69,0,22
35.67,0.0019,0.0067,2.181,240.52,0.0027,1
170.53,0.0006,0.0035,1.4886,215.68,0.0009,27
0.99,0,0,2.5882,207.3,0.0072,29
39.95,0.0059,0.0168,3.3213,331.23,0.0073,19
3.92,0,0.0148,2.6576,257.91,0.0097,13
178.82,0,0.0018,1.3158,226.92,0,23
1.66,0.0056,0.0056,2.9333,406.77,0.0057,20
0.72,0,0,1.0685,162.25,0,18
27.05,0.003,0.01,3.0344,303.63,0.0048,11
883.28,0,0.0017,1.3782,234.83,0.0001,26
9.94,0.0039,0.0088,2.7251,276.92,0.0034,4
60.51,0.0038,0.0081,2.0799,250.96,0.0076,5
4.67,0,0.0021,1.605,160.15,0.001,9
115.65,0.0021,0.0088,2.2557,161.46,0.0022,10
3.66,0.0026,0.0053,2.2381,445.52,0.0065,13
3.46,0.0056,0.0056,3.0084,299.03,0.0062,25
0.79,0,0.0125,2.5875,251.05,0.003,16
2.44,0,0.004,1.9798,331.64,0.002,15
12.96,0.0015,0.003,1.9888,332.69,0.0028,28
12.35,0,0,2.0088,101.04,0.0002,11
0.71,0,0,1.2639,103.5,0,1
0.73,0,0,1.5205,198.87,0,6
0.99,0,0,1.9909999999999999,601.89,0.0024,22
18.65,0.0016,0.0058,1.3014,136.01,0.0009,7
0.67,0,0.0282,2.5634,451.17,0,19
2.21,0,0.009000000000000001,1.6099,132.83,0.0043,20
1.27,0,0.0075,1.694,290.44,0,24
44.05,0.0042,0.0182,3.2005,297.96,0.0023,9
4.6,0,0.0106,1.2399,274.75,0,9
19.39,0.0062,0.0167,3.0434,320.77,0.0029,8
7.56,0.0013,0.0125,3.1388,324.83,0.0028,21
77.25,0.0064,0.0165,3.2928,291.31,0.0038,25
34.01,0.0054,0.0196,3.4732,349.33,0.0036,13
9.83,0.0029,0.0118,2.2784,320.62,0.0019,1
23.48,0.0099,0.0163,3.1674,305.89,0.0055,14
29.69,0.0019,0.0133,1.88,221.56,0.0014,7
30.2,0.0097,0.0184,2.7905,381.24,0.0054,21
2.9,0,0.0126,2.8454,375.19,0.0016,29
0.61,0,0.0704,2.8592,436.05,0,16
1827.19,0,0.0021,2.4351,94.47,0.0001,10
1850.26,0,0.0021,2.4714,92.25,0.0001,26
25294.77,0.0013,0.0056,2.0443,291.37,0.0019,1
4064.1,0.0008,0.0045,3.1884,156.86,0.0013,28
1810.84,0.0001,0.0027,2.4701,104.47,0.0003,5
6822.28,0.0004,0.0067,2.7575,147.05,0.0009,22
12068.18,0.0031,0.0266,3.4892,273.5,0.0047,10
8.52,0,0,2.2837,174.27,0,10
1.7,0,0,1.9708,108.1,0,26
16752.95,0.0013,0.0197,2.0797,327.89,0.002,1
5.07,0,0,1.5582,101.17,0,15
14.84,0,0,1.0721,185.03,0,12
4304.33,0.0012,0.0089,3.0204,132.64,0.0019,30
5.08,0,0,1.6621,63.73,0,9
1.15,0,0.0086,1.7759,77.45,0,25
0.53,0.0278,0,9.9583,680.03,0.0719,24
0.65,0,0.3049,5.9268,438.96,0.0183,29
689.18,0.0001,0.0041,1.2746,347.71,0.0002,11
711.71,0.0002,0.0012,1.2957,229.33,0.0001,3
51.28,0.0004,0.0109,1.168,261.29,0.0003,14
837.77,0,0.0013,1.1692,695.05,0,27
397.34,0,0.0026,1.1392,687.09,0,13
838.98,0,0.0001,1.0621,375.92,0,1
1027.8,0.0014,0.0083,2.005,420.23,0.0027,1
776.93,0.0032,0.0056,1.5872,470.25,0.0014,26
810.64,0.0003,0.0042,1.4892,511.82,0.0004,20
515.57,0.0019,0.0019,1.6943,293.64,0.0013,10
481.45,0,0.0003,1.2045,521.41,0.0001,9
378.75,0,0.0019,1.2483,333.51,0.0001,9
1061.24,0.0001,0.0009,1.1294,536.39,0,13
221.37,0.0005,0.0011,1.3376,247.39,0.0005,2
699.72,0.0001,0.0039,1.2969,348.1,0.0001,26
739.93,0.0004,0.0014,1.3032,236.05,0.0001,23
56.04,0,0.006999999999999999,1.1712,265.84,0.0006,25
513.11,0,0.0001,1.0495,400.81,0,13
607.28,0.0001,0.0021,1.234,640.29,0.0002,1
6101.12,0.0001,0.0012,3.0462,79.12,0.0001,17
2.66,0,0,1.0526,209.6,0,21
2.15,0,0,2.8930000000000002,61.76,0,30
4782.88,0,0.0017,1.4086,360.79,0,3
1553.42,0,0.0003,1.0074,517,0,4
9276.45,0,0.0002,1.3062,573.57,0,26
2.8,0,0,1.1815,156.15,0,16
0.62,0,0,5.8497,731.24,0.0307,22
0.75,0.0118,0,2.3412,358.06,0.0032,26
0.71,0,0,1.6316,595.08,0,9
0.69,0,0.0106,1.7234,339.95,0,26
10.37,0.0027,0.2581,2.0878,460.32,0.0023,16
22.03,0.0028,0.273,1.9634,331.8,0.0026,9
8.69,0.0052,0.2721,2.2492,320.94,0.003,27
1696.8,0.0006,0.0025,1.4892,449.28,0.0007,27
1371.16,0.0007,0.0032,1.3058,196.46,0.0005,15
8022.95,0.0015,0.0028,1.2836,222.02,0.0006,13
2857.91,0.0002,0.0004,1.1931,504.9,0.0004,14
617.93,0.0004,0.0004,1.2229999999999999,540.66,0.0003,4
2774.65,0.0005,0.004,1.4392,218.48,0.0005,11
865.18,0.0083,0.0474,4.8006,406.2,0.0108,19
1688.73,0.0014,0.003,1.7099,231.09,0.0006,15
4701.77,0.0001,0.0022,1.4726,402.4,0.0001,17
3005.82,0.0003,0.0018,1.2415,466.74,0.0003,16
73.63,0.0011,0.0032,1.2954,183.13,0.0005,15
693.89,0.0013,0.0036,1.5914,232.55,0.0011,16
1945.05,0.0002,0.0019,1.348,619.79,0.0003,9
146.68,0.0011,0.0021,1.7829,290.85,0.0013,26
4001.49,0,0.0002,1.3918,432.26,0.0001,9
583.85,0.0082,0.0941,4.1954,392.9,0.0106,28
1643.32,0,0.0003,1.0218,575.75,0,23
6087.03,0,0.0004,1.5439,764.75,0,11
3.44,0,0,1.0287,486.22,0,22
1.61,0,0,1.0121,298.53,0,17
66.02,0,0.0036,2.9038,296.99,0.0001,30
0.77,0,0.0127,1.9494,340.73,0,4
1098.3,0.0008,0.006,1.9497,448.69,0.0007,25
307.46,0.0153,0.1413,7.2082,523.27,0.0308,17
14.22,0,0,1.0152,232.24,0,13
2.55,0,0.0076,1.4981,510.51,0.0009,14
175.02,0.0098,0.1084,5.5044,495.25,0.0137,21
15.04,0.0036,0.0263,5.0156,414.17,0.0108,2
9320.06,0.0017,0.0061,1.9409999999999998,518.54,0.0018,18
6.18,0,0.0016,1.0208,328.79,0,4
1.51,0,0,1.0065,570.42,0,24
493.45,0.0001,0.0043,1.3230000000000002,368.06,0,16
1816.29,0.0006,0.0006,1.2919999999999998,526.88,0.0006,17
2266.65,0.0013,0.0127,1.6095,496.31,0.0014,17
122.04,0.0033,0.017,2.7937,365.16,0.0032,19
0.64,0,0.33,5.71,666.3,0.0112,7
513.1,0.0066,0.0474,2.6251,329.86,0.0053,6
1.78,0,0.0576,3.2446,569.2,0.0147,30
1101.34,0,0.0014,1.6067,68.78,0.0001,19
1.36,0,0.2271,4.9345,628.01,0.0105,18
198.7,0,0.0009,1.6886,65.93,0.0001,26
978.37,0,0.0017,1.4973,69.2,0.0001,27
361.36,0,0.0026,1.5839,83.78,0.0001,4
752.21,0,0.0017,1.4797,121.38,0.0001,7
658.32,0,0.0015,1.5743,76.48,0.0004,24
404.01,0,0.0012,1.5393,71.57,0.0001,19
1119.39,0,0.0008,1.5275,65.7,0.0001,27
354.75,0,0.0005,1.5221,69.01,0.0001,27
417.31,0.0002,0.002,1.5091,111.28,0.0001,21
1260.56,0.0003,0.0002,1.6028,81.25,0.0002,25
2.25,0,0.26899999999999996,4.5761,465.62,0.019,8
1107.49,0,0.0014,1.4979,75.65,0,27
733.3,0.0001,0.0013,1.5459,61.81,0.0001,18
1240.76,0,0.0011,1.5285,61.21,0.0001,9
754.35,0.0001,0.0007,1.5224,67.74,0.0002,30
416.05,0,0,1.6777,72.81,0.0001,16
136.83,0.0036,0.0136,2.6497,367.05,0.0036,9
4.94,0.0018,0.0232,3.4393,458.02,0.0082,25
0.77,0,0,1.2308,157.7,0,19
5303.27,0.0012,0.0032,2.1992,281.56,0.0014,14
8900.04,0,0.0011,1.9078,228.05,0,29
1.9,0,0,1.2421,145.44,0,3
1.26,0,0,1.2143,135.27,0,28
24.49,0.0034,0.0467,2.7989,439.09,0.0052,9
1887.63,0.0017,0.0044,2.4998,310.83,0.0025,4
304.07,0.0029,0.0141,2.7393,369.61,0.0028,14
5360.48,0,0.0012,2.0176,240.31,0,27
0.89,0,0,1.3708,146.37,0,4
0.75,0,0,1.2533,157.81,0,5
0.8,0,0.023,1.7586,185.38,0,11
64.67,0.0097,0.0685,2.9173,402.44,0.0113,6
1.02,0.0073,0.3869,4.2336,487.93,0.0023,20
0.07,0.0079,0,2.1587,813.25,0.068,1
170.08,0,0.0001,1.23,212.62,0,24
769.74,0,0,1.3363,253.83,0,10
144.52,0,0.0001,2.0592,136.31,0.0002,8
102.3,0,0.0002,1.5622,180.64,0,11
280.38,0,0.0001,1.3405,235.54,0.0001,29
589.44,0,0.0001,1.4317,272.17,0,24
1135.49,0,0,1.3572,120.8,0,18
214.62,0.0001,0.0004,1.5784,133.23,0.0001,3
523.69,0,0.0001,1.2794,124.51,0,30
283.28,0.0001,0.0001,1.2761,92.92,0,18
145.6,0,0,1.005,74.21,0,1
7046.57,0.0017,0.0088,1.7672,221.22,0.008,5
2.27,0,0,1.6053,160.45,0.0084,2
1715.52,0,0,1.8602,221.3,0,17
238.67,0,0,1.4299,205.27,0,9
269.08,0,0.0001,1.3947,197.62,0.0001,18
305.5,0.0104,0.023,5.082,410.24,0.0117,9
251.06,0,0,1.382,213.38,0,15
338.98,0.0005,0.0014,1.4833,332.64,0.0003,13
197.65,0,0,1.3619,188.61,0,29
328.88,0,0,1.3489,193.5,0,2
300.51,0,0.0001,1.3653,256.95,0,14
147.74,0,0.0002,1.3417,348.43,0,12
67.15,0.0186,0.0442,3.2373,379.45,0.0059,17
2.02,0.017,0.034,4.383,499.02,0.0165,29
854.1,0.0001,0.0002,1.4034,305.66,0.0001,27
406.28,0.0001,0.0002,2.3409,146.62,0.0001,22
651.86,0.0001,0.0004,1.6059999999999999,217.77,0.0001,25
102.38,0,0.0002,1.4001,109.16,0,4
104.74,0,0.0003,1.4206,111.76,0,22
97.54,0.0001,0.0005,1.9125,821.86,0.0002,21
199.34,0,0.0001,1.2386,70.4,0,21
144.78,0,0,2.16,167.53,0,18
39.87,0,0.0003,1.6008,183.48,0.0004,13
188.98,0,0.0001,1.4025,152.93,0,24
629.39,0,0,1.2791,123.42,0,22
344.39,0,0,1.2985,91.31,0,15
68.1,0,0.0003,1.2895,157.56,0,9
204.19,0.0003,0.0005,1.4165,110.77,0.0001,26
225.32,0.0093,0.055999999999999994,2.5971,341.32,0.0067,17
20.8,0.0077,0.0218,2.6558,274.39,0.0061,12
2.67,0,0.0241,3.1375,244.69,0.0009,20
0.89,0,0.6087,1.663,123.17,0.0027,4
1468.39,0,0.0029,1.6421,56.86,0.0001,20
1.01,0,0,1.0291,501,0,5
901.18,0,0.0028,1.6532,56.7,0.0001,10
465.33,0,0.003,1.4862,91,0.0001,24
602.09,0,0.0027,1.4340000000000002,46.42,0,24
600.82,0,0.0025,1.6191,75.3,0.0001,18
399.67,0.0001,0.0013,1.5959999999999999,71.23,0.0003,16
982.25,0.0001,0.0015,1.5626,60.05,0.0002,9
1532.41,0.0002,0.0003,1.6146,73.78,0.0002,28
803.43,0.0001,0.0043,1.5386,61.64,0.0003,23
342.46,0.0001,0.0026,1.5926,61.44,0.0002,3
10.89,0.0051,0.0536,1.9234,242.15,0.0052,25
1201.08,0.0005,0.0065,1.5939,150.12,0.0007,19
1370.23,0,0.0029,1.5876,64.37,0.0001,5
1.76,0,0,1.0056,155.5,0,8
1359.99,0.0001,0.0024,1.5742,75.32,0.0001,13
1546.1,0,0.002,1.4602,131.42,0.0001,30
1133.96,0,0.0016,1.5077,59.06,0.0001,16
667.23,0,0.0016,1.5677,72.96,0.0001,20
592.01,0.0002,0.0043,1.5847,68.78,0.0004,9
1368.76,0,0.003,1.5879,65.17,0.0002,24
1.53,0,0,1,,0,26
1469.64,0.0001,0.0026,1.4454,101.62,0.0001,12
1409.28,0.0005,0.0039,1.6130000000000002,87.3,0.0004,13
0.17,0,0,4.7791,283.99,0,25
1136.97,0,0.0016,1.5033,67.41,0.0001,11
337.6,0.0001,0.0014,1.5732,78.72,0.0002,19
260.79,0.0001,0.001,1.5386,96.98,0.0001,21
619.46,0.0003,0.0008,1.5275,67.36,0.0001,17
396.46,0.0001,0.0006,1.5556,72.73,0.0001,26
2942.91,0.0002,0.0052,1.3733,216.56,0.0004,19
0.78,0,0.0127,1.0253,166,0,12
675.88,0,0.0024,1.652,55.56,0.0001,25
346.1,0,0.0026,1.4907,90.49,0.0001,22
450.74,0,0.0027,1.4395,46.92,0,22
446.52,0,0.0026,1.624,71.31,0.0001,10
836.44,0,0.0018,1.4841,136.51,0.0001,24
119.54,0,0.001,1.5585,71.16,0.0001,26
578.19,0,0.0012,1.4386,114.72,0.0001,27
878.2,0.0001,0.0011,1.5427,60.89,0.0001,22
1480.21,0.0001,0.001,1.5308,64.93,0.0002,11
1684.74,0.0001,0.0004,1.5536,74.94,0.0001,19
89.43,0.0001,0.001,1.3091,55.16,0.0001,14
393.62,0,0.0012,1.4425,142.97,0,29
1057.87,0.0002,0.0003,1.6017,71.27,0.0002,13
881.77,0,0.0012,1.5971,59.54,0.0001,20
996.42,0.0001,0.001,1.6045,60.41,0.0001,11
153.21,0,0.0008,1.6127,51.95,0.0001,20
258.32,0.0001,0.0007,1.574,57.9,0.0001,20
1012.55,0,0.0028,1.4911,47.19,0.0002,10
489.81,0,0.0041,1.6446,56.97,0.0002,8
742.15,0,0.0025,1.6568,59.39,0.0001,11
0.75,0,0,1,,0,20
224.31,0,0.0025,1.5366,85.94,0.0001,22
324.36,0.0022,0.0214,2.0138,164.84,0.0023,9
384.98,0.0006,0.0051,1.6848,81.95,0.0005,11
267.21,0,0.0018,1.4446,157.97,0.0002,15
295.91,0,0.0014,1.4185,123.42,0.0001,23
1189.39,0.0004,0.0027,1.37,478.29,0.0005,1
226.54,0.0026,0.004,1.4799,289.12,0.0012,12
59.13,0.0003,0.0033,1.2975,224.8,0.0006,18
55.88,0.0002,0.004,1.3373,215.93,0.0002,28
9.1,0,0.0073,2.1897,455.43,0.0029,24
1117.88,0.0004,0.0027,1.4559,440.44,0.0007,28
1.92,0.005,0.025,2.7,321.48,0.0012,15
0.18,0,0,6.4211,388.22,0.0265,16
0.49,0.0125,0,6.9125,284.79,0.1409,11
0.65,0,0.0972,2.2222,241.41,0,16
1063.37,0.0005,0.0012,1.2821,476.98,0.0005,29
0.73,0,0.1519,2.2025,198.4,0,16
1.44,0,0.1216,1.6486,352.47,0.0017,3
0.99,0,0.0826,2.4545,397.95,0,26
72.35,0.0012,0.0043,1.5359,269.37,0.0006,26
62.3,0.0005,0.0034,1.5254,266.89,0.0004,24
78.21,0.0004,0.0042,1.5859999999999999,294.97,0.0008,21
51.75,0.0028,0.0069,1.8624,390.41,0.0028,25
21.94,0.0027,0.0036,1.3719999999999999,269.4,0.0002,3
64.6,0.0003,0.0044,1.4722,267,0.0003,24
1218.94,0.0018,0.0048,1.6414,381.58,0.0004,17
26.75,0,0.0782,1.8645,513.57,0.0002,11
117.45,0.0009,0.0037,1.8305,335.47,0.0028,27
69.35,0.0001,0.0761,1.8563,725.85,0.0013,29
8.29,0.0011,0.0997,1.9398,532.84,0.0014,17
72.51,0.0006,0.1078,1.7832,690.57,0.0005,11
20.33,0.0031,0.1009,1.8688,768.77,0.0026,23
1136.77,0.0045,0.1007,2.7114,552.17,0.005,6
0.66,0,0.7802,2.4835,243.51,0,30
0.96,0,0.9394,2.5909,311.92,0,11
29.9,0,0.0812,1.6649,673.9,0.0001,30
88.41,0.0003,0.0758,1.7988,616.85,0.0009,25
30.03,0.0009,0.0872,1.6901,572.08,0.0001,27
3.11,0.0052,0.4031,2.7881,313.81,0.0054,13
109.16,0.0012,0.003,1.9749,360.02,0.0007,13
111.35,0.001,0.0852,2.0015,526.58,0.0008,30
77.85,0.0008,0.0544,1.7753,530.35,0.0026,28
42.9,0.0004,0.0779,1.7904,554.1,0.0007,13
1.64,0,0.1908,4.458,1123.75,0.0218,14
1.63,0,0.6049,3.4585,451.3,0.0088,14
2.71,0,0.6042,3.1484,502.25,0.0053,17
0.94,0.0091,0.6909,2.6545,331.6,0,9
1.71,0,0.6406,2.6544,308.71,0.0056,21
1.79,0.0125,0.575,3.9458,402.23,0.0133,26
82.15,0.0007,0.027000000000000003,1.1681,492.83,0.0002,14
36.84,0.0016,0.004,1.7388,349.98,0.0006,17
236.71,0.0005,0.0252,1.1278,422.25,0.0003,29
80.21,0.0007,0.0248,1.2758,372.19,0.0004,26
115.09,0.0016,0.0512,1.8003,317.08,0.001,15
405.54,0.0003,0.0261,1.1573,507.82,0.0002,16
368.15,0.0001,0.0289,1.1453,444.78,0.0005,16
98.09,0,0.0322,1.1556,491.25,0.0003,2
14.8,0.008,0.0046,1.9072,447.55,0.0019,15
0.23,0,0,4.3333,329.51,0.0725,5
0.11,0,0.0222,9.4333,804.01,0.2165,5
4.75,0.0033,0.3719,3.995,389.79,0.008,28
22.65,0.0009,0.0013,1.5255,293.41,0.0008,16
61.58,0.0006,0.0041,1.5803,324.65,0.0005,16
6.61,0.0088,0.0058,2.1974,482.07,0.0025,25
31.75,0,0,2.0019,250.23,0,8
122.69,0,0,2.0321,184.13,0,29
1680.85,0.0074,0.0876,2.6838,356.09,0.0113,15
4.62,0.0063,0.8701,4.1252,797.91,0.0124,2
48.84,0,0,2.0648,282.41,0,27
392.66,0,0,2.1555,258.4,0,9
451.06,0,0,2.0421,188.43,0,9
241.59,0,0,2.2202,253.5,0,14
525.75,0,0,2.021,252.09,0,15
197.59,0,0,2.0991,297.26,0,4
876.45,0,0,2.0228,326.46,0,16
716.67,0,0,2.2846,236.66,0,29
192.63,0,0,2.1933,286.13,0,30
323.36,0,0.0007,2.1823,178.28,0,16
803.04,0,0.0017,2.4799,149.81,0,30
559.37,0,0.0007,2.123,94.46,0,30
64.76,0,0,1.9951,256.57,0,12
116.99,0,0,2.0305,183.96,0,24
645.58,0,0,2.1543,231.31,0.0001,7
386.23,0,0,2.0153,308.77,0,15
283.03,0.0001,0,2.1235,328.11,0.0001,24
935.84,0,0,2.0259,314.37,0,27
733.91,0,0.0001,2.1692,222.04,0,21
154.99,0.0001,0,2.0652,246.43,0.0002,20
573.99,0,0.0016,2.4101,253.02,0,4
568.75,0,0.0018,2.4239,112.6,0,22
1434.15,0,0.0027,1.406,218.51,0,26
1166.81,0.0001,0.001,1.7227,129.32,0,12
11.85,0.006999999999999999,0.6776,3.0425,486.8,0.006999999999999999,13
2.46,0.0188,0.0875,3.975,645.35,0.0184,14
1.06,0.0245,0.4663,3.9755,621.63,0.0157,14
273.45,0,0,2.0382,187.23,0,6
468.49,0,0,2.1511,229.68,0,30
151.78,0,0,2.1131,327.71,0.0001,20
430.4,0,0,1.9811,332.93,0.0001,9
0.77,0.0115,0.4138,2.2299,191.35,0,2
881.65,0,0,2.122,232.79,0,13
526.27,0,0,2.1132,300.4,0,10
369.87,0,0.0012,2.1813,196.3,0.0002,15
91.08,0,0,2.1698,242.23,0,3
124.99,0,0,2.0332,185.72,0,19
123.17,0,0,2.0698,266.7,0,11
466.87,0,0.0014,2.0575,213.56,0,1
497.7,0,0.0017,2.4297,89.53,0,23
533.73,0,0.0004,2.0839,85.83,0,2
580.53,0,0,2.1909,241.37,0,4
714.43,0,0.0006,1.9956,211.52,0,26
317.57,0,0,2.0904,299.88,0,26
558.48,0,0.001,2.5033,172.26,0,28
2200.39,0,0.0026,1.5730000000000002,218.53,0,24
604.84,0,0.0004,2.2709,122.73,0,25
715.77,0,0,2.0563,253.99,0,28
2167.97,0,0,2.0895,376.69,0,24
394.3,0,0,2.6812,344.62,0,26
609.12,0.0001,0.0005,2.9256,335.58,0.0001,28
386.16,0,0.0003,2.5766,159.34,0,21
67.24,0,0.0003,2.1527,258.95,0,10
121.94,0,0.0001,2.0297,184.99,0,16
46.92,0,0,1.9105,197.56,0,15
133.72,0,0,1.9878,291.94,0,23
339.39,0,0.001,1.9986,200.04,0,13
19.64,0,0.0753,1.8636,156.3,0.0019,22
1.12,0,0.1278,1.5789,129.15,0,28
14.04,0,0.02,1.7465,124.91,0.0002,30
25.48,0,0.0075,2.099,142.16,0.0004,27
16.34,0,0.0189,1.8854,157.41,0.0001,14
3.96,0,0.0019,1.5364,125.04,0.0012,21
0.76,0,1.037,1.3086,236.06,0,14
1.43,0,0.1341,6.067,630.79,0.0666,21
26.64,0,0.0041,2.8518,282.28,0,22
2.59,0,0.0147,2.2198,144.09,0.0028,28
14.87,0.0005,0.002,1.9985,196.04,0.0026,20
49.73,0,0.0008,2.3221,42.84,0,13
176.58,0,0.0017,2.3496,38.59,0,28
416.84,0,0.0018,2.3554,38.78,0.0001,19
408.11,0,0.0013,2.2521,38.21,0,20
6.06,0,0,2.275,201.35,0.0012,12
0.79,0,0,2.8354,66.37,0,14
0.72,0,0.4805,1.6883,467.18,0,11
0.76,0,0.0117,10.1211,1005.39,0.0909,27
1741.81,0.0001,0.0022,2.4836,98.39,0,18
6098.97,0.0003,0.0077,2.421,140.04,0.0009,4
172.62,0.0002,0.0032,2.8346,303.85,0.0002,5
10.42,0,0.0028,2.7075,277.46,0,20
20.94,0,0.0042,2.6971,275.51,0.0001,10
848.12,0.0002,0.0057,3.0121,308.63,0.0005,15
65.09,0.0022,0.0461,3.6031,310.8,0.004,30
52.41,0.0002,0.0015,2.8241,250.8,0,6
417.27,0,0.0066,2.7978,281.09,0.0004,18
386.96,0.0012,0.0193,3.1531,250.27,0.0049,10
8.16,0.0047,0.0198,1.8884,232.34,0.002,29
1008.22,0.0003,0.0047,2.2518,71.82,0.0009,30
87.49,0,0.0016,2.2137,44.81,0.0001,11
40.21,0,0.0027,2.184,39.11,0,6
152.22,0.0001,0.0029,2.2023,93.46,0,6
91.79,0.0053,0.024,3.7476,541.15,0.0142,22
1488.17,0.0014,0.0071,2.1687,145.95,0.0029,3
4.97,0.0057,0.2702,5.5553,465.83,0.0244,24
0.61,0.0096,0.0962,5.9712,917.39,0.0351,28
1.2,0,0.44799999999999995,2,219,0,15
16516.13,0.0009,0.0059,1.7708,531.53,0.0019,10
162.88,0,0,1.0077,22.92,0,6
9.99,0,0.001,1.0090000000000001,18.77,0,10
502.84,0.0001,0,1.0149,38.92,0,19
168.31,0,0.0002,1.023,77.98,0.0001,2
32.76,0,0.0003,1.0387,96.85,0,30
139.99,0.0003,0.0001,1.0344,114.88,0.0001,16
4.78,0.005,0.4908,3.7002,489.25,0.008,9
5.1,0.003,0.5342,4.631,451.28,0.0135,9
306.37,0,0.0033,1.3893,241.02,0.0001,9
152.72,0.0001,0.0028,1.8394,176.11,0.0001,30
88.86,0,0.0031,1.9085,98.14,0,7
287.93,0,0.0027,1.8996,114.92,0,2
565.31,0,0.0022,1.7711,173.16,0,30
568.8,0.0001,0.0017,1.6585,134.03,0,14
178.9,0,0.0017,1.8327,107.28,0,5
0.74,0,0.0132,1.9211,426,0,8
1322.14,0.0014,0.005,1.3908,274.15,0.0004,20
87.48,0.0002,0.0059,1.3419,258.99,0.0004,5
543.67,0.0009,0.0046,1.2429,316.72,0.0002,12
39.18,0,0.0055,1.2206,259.97,0.0002,18
1.25,0,0,2.1061,318.56,0,13
55.07,0.0014,0.0046,1.9271,383.78,0.0014,16
0.06,0,0,1.1656,409.5,0,10
579,0,0.0012,1.8318,80.3,0,3
398.8,0,0.0002,1.8756,99.27,0,4
498.85,0,0.0029,1.8693,124.97,0,19
477.69,0,0.0025,1.7601,157.33,0,26
1281.1,0,0.0026,1.8829,115.39,0,10
359.93,0,0.0018,1.7518,176.82,0,5
167.44,0.0066,0.1574,4.2488,404.57,0.0086,18
173.43,0.0053,0.0849,4.2528,365.57,0.0051,7
63.48,0.0061,0.1439,3.6239,331.89,0.0059,29
518.78,0.0041,0.0562,3.0421,258.29,0.0032,12
391.13,0,0.0011,1.8291,77,0,19
266.4,0,0.0003,1.8802,96.95,0,5
225.01,0.0001,0.0019,1.8384,95.36,0,10
87.42,0.0071,0.0231,2.3304,201.35,0.0059,5
713.75,0,0.0012,1.8215,80.46,0,17
638.76,0,0.0008,1.5621,178.65,0,15
623.6,0,0.0004,1.8561,98.93,0,11
38.57,0.0003,0.0028,1.8591,76.34,0.0002,6
538.46,0.0001,0.0031,1.8848,127.14,0.0001,7
315.57,0.0002,0.0035,1.8159999999999998,123.49,0.0002,23
0.49,0,0.0857,4.3429,548.6,0,8
292.98,0,0.0025,1.8332,138.98,0,2
296.14,0,0.0031,1.9034,101.06,0,2
36.53,0.0008,0.0091,2.1337,161.22,0.001,7
2604.89,0.0001,0.0011,1.8730000000000002,76.43,0,11
1.44,0,0.0068,1,86,0,4
0.93,0,0,1.5914,59.28,0,4
830.9,0,0.0015,1.8754,77.77,0,5
61.83,0.0002,0,1.9279,83.03,0.0001,27
0.88,0,0.0566,3.783,417.36,0.0054,4
413.49,0,0.0033,2.0443,151.66,0,1
0.6,0,0.09300000000000001,3.6047,422.59,0.004,21
267.82,0,0.0027,1.8544,124.81,0,15
151.88,0,0.0022,1.7966,175.38,0,6
548.71,0,0.0023,1.9003,118.96,0,22
5.24,0,0,1.9237,119.78,0,27
1345.56,0,0.0011,1.8324,80.33,0,28
950.39,0,0.0007,1.4946,221.93,0.0001,20
707.09,0,0.0004,1.8627,98.31,0,3
88.72,0,0.0017,2.2162,165.41,0,9
155.81,0,0.0024,1.8435,100.2,0,8
136.97,0,0.0022,1.8675,77.1,0.0001,5
309.7,0,0.0013,1.8047,86.29,0,5
117.5,0.0001,0.0025,1.8284,101.37,0,21
106.87,0,0.0024,2.1959,165.49,0,2
297.22,0.0001,0.0029,1.8578,123.74,0,24
167.75,0,0.0026,1.8706,185.82,0.0003,18
829.38,0,0.0025,1.8948,107.93,0.0002,24
634.46,0,0.0014,1.7834,159.79,0,15
184.86,0,0.0017,1.8230000000000002,83.28,0.0003,7
444.57,0,0.0009,1.3652,163.19,0.0001,1
99.87,0,0.0008,1.8737,93.7,0,25
255.12,0,0.002,1.9869999999999999,192.27,0,23
484.6,0,0.0024,1.7611,210.73,0,28
289.89,0,0.0024,1.9907,142.93,0,28
286.49,0,0.0016,2.0016,217.64,0,15
518.55,0,0.0014,1.8053,158.75,0.0001,29
981.16,0,0.0015,1.864,77.2,0.0001,1
557.57,0.0001,0.0013,1.6529,132.02,0.0001,25
169.09,0,0.0025,1.8829,94.91,0,21
119.4,0.0001,0.002,1.8281,148.43,0,20
119.14,0,0.0011,1.8204,112.15,0,29
131.73,0,0.0027,2.2175,173.47,0,27
365.14,0.0001,0.0027,1.8602,125.84,0,16
215.6,0,0.0024,1.8047,177.7,0,23
765.2,0,0.0024,1.8905,120.83,0,6
257.8,0,0.0021,1.8435,101.63,0,18
565.89,0,0.0014,1.7371,189.85,0,28
198.03,0.0001,0.001,1.8663,78.97,0.0002,1
474.41,0,0.0018,1.8065,86.81,0,19
365.39,0,0.0004,1.8689,99.78,0,14
467.28,0,0.002,1.9663,197.13,0,8
117.98,0,0.0031,2.0146,128.38,0,13
680.23,0,0.0023,1.9802,149.7,0,20
51.93,0,0.0019,1.8797,76.3,0,3
537.37,0,0.0013,1.8393,82.17,0,11
364.77,0.0001,0.0003,1.8955,96.57,0.0003,20
228.07,0,0.0022,1.8451,99.91,0,9
428.28,0,0.0016,1.7397,193.96,0,28
741.94,0,0.001,1.8459999999999999,80.12,0,30
361.74,0,0.0003,1.8679,99.38,0,11
0.65,0,0.5429,1.6429,131.13,0,10
180.05,0,0.0024,2.2217,169.44,0,11
498.19,0,0.0027,1.8619,123.98,0,16
478.65,0,0.0029,1.7664,158.25,0,11
1032.75,0,0.0026,1.8981,116.3,0,13
263.58,0,0.0028,1.9906,195.62,0,1
75,0,0.002,2.039,143.59,0,23
473.33,0.0001,0.0024,1.7409999999999999,208.98,0,18
189.59,0,0.0023,2.0546,176.67,0,6
290.83,0,0.0014,1.7971,85.86,0,25
318.47,0.0001,0.0008,1.8577,77.19,0.0002,10
271.14,0,0.0004,1.9033,98.79,0.0004,9
543.34,0,0.002,1.9942,191.28,0,20
138.79,0,0.0021,2.0325,125.49,0,11
367.32,0,0.0027,1.9269999999999998,137.48,0.0001,10
24.82,0.0022,0.0761,3.0297,308.71,0.0092,11
617.68,0,0.0021,1.1434,147.66,0,7
810.12,0.0001,0.0019,1.1485,77.19,0.0001,12
5.47,0,0,1.5504,261.59,0.0022,9
1.97,0,0,1.3858,2.26,0,30
1.97,0,0,1.3756,1.93,0,26
1.95,0,0,1.3846,2.41,0,5
1.98,0,0,1.3838,2.38,0,6
1.97,0,0,1.3807,2.44,0,21
1.97,0,0,1.3807,2.35,0,7
1.97,0,0,1.3807,2.69,0,17
1.96,0,0,1.3827,2.47,0,3
1.96,0,0,1.3878,2.85,0,6
1.98,0,0,1.3838,2.46,0,5
1.98,0,0,1.3687,2.43,0,30
1.96,0,0,1.3827,2.52,0,8
1.98,0,0,1.3838,2.38,0,25
1.98,0,0,1.3737,2.32,0,4
1.98,0,0,1.3788,1.93,0,26
1.98,0,0,1.3737,2.08,0,22
1.97,0,0,1.3807,2.57,0,4
1.98,0,0,1.3687,2.39,0,18
1.95,0,0,1.3846,2.7,0,9
1.99,0,0,1.3819,2.38,0,29
1.99,0,0,1.3769,2.54,0,9
1.95,0,0,1.3846,2.28,0,9
1.99,0,0,1.3819,2.45,0,1
1.99,0,0,1.3819,1.95,0,15
1.98,0,0,1.3889,2.32,0,5
1.97,0,0,1.3807,2.57,0,21
1.99,0,0,1.3769,2.15,0,3
1.97,0,0,1.3858,2.73,0,3
1.98,0,0,1.3788,1.99,0,28
1.98,0,0,1.3788,1.87,0,30
1.97,0,0,1.3706,1.95,0,12
1.98,0,0,1.3889,1.99,0,26
1.99,0,0,1.3869,1.77,0,3
1.97,0,0,1.3858,2.16,0,22
1.96,0,0,1.3776,2.23,0,10
1.98,0,0,1.3838,2.26,0,15
1.97,0,0,1.3807,1.78,0,9
1.93,0,0,1.3834,1.64,0,21
1291.11,0.0028,0.0096,2.515,415.74,0.0031,16
1738.51,0.0039,0.0032,1.6265,371.22,0.0014,19
220.92,0.0028,0.0072,1.8516,362.49,0.002,21
53.48,0.0009,0.012,1.5774,303.9,0.0022,5
6.52,0.0066,0.016,3.8404,472.56,0.0055,1
114.47,0.0062,0.0159,2.8569999999999998,377.61,0.0038,22
28.69,0.0003,0.0095,2.2779,368.38,0.0023,10
116.84,0.0022,0.0081,2.7337,308.91,0.0037,18
10.16,0.0031,0.0176,6.204,470.76,0.0166,30
5.92,0,0.0364,2.9367,398.58,0.0036,25
165.79,0.0027,0.0042,2.2885,354.68,0.0029,25
164.69,0.0022,0.0218,2.3847,364.85,0.004,3
225.59,0.0017,0.0139,2.3273,347.66,0.0027,4
18.63,0.002,0.0138,1.8717,388.38,0.0019,21
17.28,0.0039,0.0112,2.2847,379.8,0.0019,22
44.07,0.0053,0.0141,2.0799,402.74,0.0018,1
28.77,0.001,0.004,2.2984,311.59,0.0035,1
27.17,0.0054,0.0306,2.6977,407.39,0.0052,9
152.97,0.0035,0.0208,3.6382,391.23,0.0058,22
130.41,0.0084,0.0215,3.9953,399.94,0.0089,1
212.86,0.0047,0.0034,2.6839,222.59,0.0031,26
3.38,0.0029,0,3.6532,254.91,0.0056,9
49.17,0.0045,0.0039,3.0582,370.45,0.0043,22
88.94,0.0099,0.0182,3.4988,352.99,0.0032,1
568.39,0.0027,0.0179,3.4610000000000003,389.42,0.0044,13
152.9,0.0017,0.0137,2.485,370.96,0.0032,7
77.32,0.0011,0.0143,2.3613,294.53,0.0013,30
80.18,0.0019,0.0124,2.2023,372.06,0.0024,19
66.93,0.0014,0.0151,2.2574,355.74,0.0021,19
13.23,0.0035,0.0215,3.6223,387.24,0.0092,4
59.75,0.0016,0.0184,1.8876,312.8,0.0014,9
1496.41,0.0015,0.0064,1.6607,381.72,0.0029,12
56.51,0.0007,0.0191,1.0501,317.5,0,23
141.42,0,0.0077,1.0307,443.16,0,24
85.36,0.001,0.0128,1.7968,358.04,0.0023,17
238.17,0.0011,0.0094,1.5522,373.64,0.0017,10
128.47,0.0037,0.0202,2.8795,451.55,0.0071,4
160.7,0.0014,0.0088,1.6137,409.33,0.0013,11
99.94,0.0009,0.0067,1.3371,330.23,0.0013,12
273.33,0.0007,0.0074,1.4469,416.74,0.0013,28
200.65,0.0009,0.0078,1.4506,333.16,0.002,20
61.51,0.0021,0.0097,2.468,396.4,0.0036,15
775.72,0.0009,0.0078,1.2177,361.88,0.0004,14
156.17,0.002,0.0098,1.4167,356.71,0.0011,11
275.84,0.0002,0.0083,1.1308,249.53,0.0001,12
170,0.0009,0.0094,1.544,322.64,0.0016,16
22.9,0.0056,0.0253,5.0489,527.38,0.0115,29
780.58,0.0011,0.0089,1.3948,420.27,0.0013,23
85.32,0.0018,0.0089,1.6148,437.79,0.0016,21
131.23,0.0001,0.0088,1.193,296.82,0.0005,8
179.34,0.0056,0.0176,2.8243,379.59,0.0054,14
226.77,0.0024,0.0086,2.1403,348.25,0.0025,14
215.31,0.0033,0.0127,2.4599,323.47,0.0038,20
319.57,0.0024,0.0097,1.9923,395.45,0.0023,30
285.42,0.0033,0.0118,2.3893,331.16,0.0038,23
19.43,0.0055,0.0191,4.2362,411.64,0.0091,1
710.28,0.0009,0.0091,1.3803,399.01,0.0013,29
106.02,0.0011,0.0131,1.6237,390.91,0.0018,6
266.1,0.0007,0.0087,1.4539,355.16,0.0012,7
140.06,0.0027,0.0192,2.0499,222.81,0.0033,26
204.56,0.0007,0.0083,1.5727,212.32,0.0009,25
147.75,0.0015,0.0096,1.7112,220.04,0.0017,22
251.62,0.0006,0.0084,1.2753,359.75,0.0005,13
182.16,0.001,0.0115,1.6587,375.51,0.0017,24
154.2,0.0056,0.0117,3.1399,336.53,0.0049,13
2040.55,0.0021,0.0055,1.7619,433.43,0.0009,12
208.57,0.0032,0.0118,2.2968,315.13,0.0028,18
247.66,0.0006,0.0093,1.2236,369.21,0.0007,26
209.58,0,0.0071,1.1523,236.55,0.0005,26
35.58,0.0087,0.012,3.5187,409.15,0.0059,1
867.45,0.0028,0.0309,2.0066,400.83,0.003,24
76.62,0.0034,0.0088,1.6812,360.56,0.0013,26
118.74,0.0001,0.0094,1.0433,382.39,0.0001,3
748.47,0.0007,0.0083,1.3365,414.1,0.0013,24
65.04,0.0008,0.009000000000000001,1.1876,345.05,0.0003,16
220.98,0.0002,0.0093,1.0336,371.87,0.0001,13
6.49,0.0015,0.0209,1.3851,466.05,0.0033,6
26.45,0.0007,0.0078,1.5756,450.02,0.0016,9
20.67,0,0.0081,1.117,214.72,0.0001,19
22.35,0.0009,0.0062,1.3376,443.73,0.0009,1
147.69,0.0037,0.0178,2.9416,420.73,0.008,29
140.12,0.0001,0.0058,1.1674,435.32,0.0004,7
98.58,0.0008,0.0087,1.3387,312.01,0.001,25
267.22,0.0011,0.0088,1.4888,426.43,0.0017,22
164.34,0.0016,0.0081,1.5115,361.71,0.0016,19
25.92,0.0095,0.0108,4.0993,447.26,0.0112,16
718.35,0.0009,0.0082,1.3278,402.18,0.001,3
86.2,0.0043,0.0096,1.5403,368.75,0.0011,23
312.59,0.0017,0.0101,1.6938,352.59,0.0021,27
13.19,0.0007,0.0095,1.4861,304.86,0.0018,14
45.88,0,0.0047,1.4564,225.91,0.0007,3
14.84,0,0.006,1.0552,433.77,0.0002,5
20.52,0.001,0.0067,1.2304,200.02,0.0002,17
5.9,0,0.0244,1.1433,264.29,0,16
22.24,0,0.0069,1.3009,405.47,0.0006,23
20.65,0,0.0056,1.1451,236.87,0,18
23.37,0,0.0057,1.2077,263.55,0.0001,2
114.18,0,0.0071,1.0223,226.18,0,15
638.17,0,0.0077,1.036,326.5,0.0001,22
64.07,0.0002,0.0056,1.0304,268.66,0,10
216.22,0.0001,0.0085,1.0311,379.29,0.0001,26
768.57,0.0022,0.0481,3.5344,173.44,0.0055,11
3493.69,0.0004,0.0059,2.5226,131.92,0.0009,12
12.5,0,0.0202,2.2552,310.34,0.0061,27
2010.3,0.0007,0.0165,2.9561,78.74,0.0012,12
3.65,0,0,2.6822,46.35,0,23
371.45,0.0003,0.0112,1.1378,322.56,0.0005,26
4.36,0.02,0.004,3.2395,393.26,0.0246,3
61.36,0.0003,0.0092,1.4175,219.99,0.0001,27
63.19,0,0.0117,1.4318,182.71,0,27
41.97,0,0.0017,2.2348,147.56,0,26
127.32,0.0001,0.0065,1.1318,333.48,0.0001,24
102.68,0.0001,0.006999999999999999,1.1007,350.83,0,29
87.89,0.0004,0.0152,1.4067,214.85,0.0001,2
25.46,0,0.0159,1.4573,148.43,0,17
31.91,0,0.0055,1.0897,310.99,0.0001,3
11.22,0,0.0121,1.0761,271.63,0,2
86.56,0,0.0094,1.1302,299.21,0.0006,12
29.16,0.0003,0.0108,1.3902,212.71,0.0001,15
8.43,0,0.0156,1.4589,119.47,0,23
88.43,0.0001,0.0072,1.1156,298.95,0.0001,30
100.83,0.0001,0.0062,1.11,306.65,0.0001,16
516.51,0.0003,0.0089,1.1104,336.76,0.0003,13
20.22,0.0005,0.013000000000000001,1.4755,208.7,0.0001,24
20.48,0.0014,0.011000000000000001,1.4768,124.3,0.0001,30
72.68,0.0006,0.0122,1.645,175.94,0,22
20.71,0.0005,0.0137,1.6322,105.84,0.0001,12
103.42,0,0.0079,1.1083,309.93,0,23
78.84,0.0009,0.0055,1.1112,340.94,0.0001,21
227.98,0.0004,0.0104,1.1066,288.38,0.0002,3
77.3,0,0.0135,1.3842,216.8,0,25
88.85,0,0.0106,1.4039,229.3,0.0003,23
45.53,0.0002,0.0128,1.5607,205.1,0.0001,6
100.35,0,0.0069,1.1179999999999999,305.18,0.0002,3
76.59,0,0.0043,1.1212,295.79,0,6
564.96,0.0003,0.0092,1.1189,340.37,0.0003,11
3.69,0.025,0.0159,3.2568,370.63,0.0213,22
0.54,0.012,0,5.9879999999999995,785.16,0.0882,26
93.25,0,0.0049,1.1037,300.77,0.0001,8
38.13,0,0.0052,1.0733,280.93,0,27
138.69,0,0.0068,1.1093,322.23,0.0001,7
2.42,0.0156,0.5826,3.1215,393.69,0.0079,20
103.66,0.0003,0.0059,1.1234,319.47,0.0003,18
421.81,0.0002,0.0097,1.1094,319.94,0.0002,29
16.11,0,0.0102,1.3539,286.76,0,18
46.16,0,0.0123,1.3923,190.95,0,11
21.02,0,0.0052,1.5407,63.4,0,27
12.61,0.0023,0.0063,1.1002,350.83,0.0002,28
0.72,0,0.0135,1.4595,186.73,0.0033,23
0.81,0,0,1.6667,269.47,0.0059,11
18.17,0.0011,0.0016,1.2751,125.33,0.0008,17
3.85,0.0051,0.0026,1.6394,200.86,0.0049,17
3,0,0,1.4885,180.85,0.0024,13
0.81,0,0,1.8519,50.1,0,21
4.42,0,0,98.9799,4450.83,0,29
2.02,0,0,1.4683,284.36,0.0094,16
2.6,0.0076,0,1.7443,319.58,0,24
1.26,0,0.0079,1.3780000000000001,279.65,0.0038,21
8.67,0,0.0023,1.3299,88.05,0.0008,18
2.9,0,0,1.2103,161.36,0.0025,30
4.6,0,0,1.3918,60.96,0,19
8.68,0.004,0.4197,2.6044,332.11,0.0044,8
3268.41,0.0015,0.0069,1.8947,225.85,0.0022,7
4.35,0,0.0023,1.0114,132.58,0,2
2417.78,0.0016,0.0055,1.7886,235.83,0.0018,22
3.81,0,0,1.034,466.08,0,11
12586.93,0.0022,0.0059,2.1795,268.1,0.0028,21
11.14,0,0.0018,1.0036,130.71,0,16
1.32,0,0,1.25,75.83,0,24
6.16,0,0,1.3942,65.3,0,23
9669.94,0.0011,0.0024,1.689,405.86,0.0016,23
3.63,0,0,1.0054,476.24,0,8
2.19,0,0,1.0676,506.51,0,24
24.17,0,0.0041,1.2949,134.15,0.0007,26
1.66,0,0.006,1.3631,147.35,0,19
7.1,0.0042,0.0056,1.5635,254,0.006,25
32.1,0.0012,0.0024,1.3982,219.53,0.005,18
12.5,0.0016,0.0055,1.281,292.61,0.0021,29
11.96,0.0017,0.005,1.1533,107.01,0.003,16
5.72,0.0025,0.2224,5.0515,521.08,0.0083,4
310.4,0.0002,0.0071,2.5104,162.94,0.0007,11
0.79,0,0,4.8767,595.11,0.0603,29
0.93,0,0,1.9785,2.42,0,18
0.94,0,0,1.9681,1.99,0,10
0.95,0,0,1.9789,2.62,0,21
0.92,0,0,1.9783,2.36,0,9
0.95,0,0,1.9579,2.63,0,2
0.93,0,0,1.9677,2.61,0,24
4517.26,0.0008,0.0026,1.8983,359.98,0.0005,14
4268.8,0.0002,0.0008,1.5403,447.43,0.0003,19
0.97,0.0081,0.5323,4.379,496.18,0.0638,26
0.98,0.0088,0.5841,3.0619,410.61,0.0194,23
653.99,0.0001,0.011000000000000001,1.746,543.46,0.0002,18
10.35,0.0099,0.1849,4.2317,421.06,0.0122,16
692.78,0.0002,0.0034,1.6188,358.16,0.0003,25
1461.75,0.0005,0.0061,1.5859,396.01,0.0007,17
1300.96,0.0001,0.002,1.5811,682.62,0.0001,6
1210.01,0.0004,0.0049,1.5768,499.7,0.0006,14
1621.98,0.0003,0.0028,1.2789,521.24,0.0003,1
2663.84,0.0007,0.0022,1.2722,643.69,0.0005,17
342.76,0.0007,0.0101,1.6931,316.59,0.001,25
288.36,0,0.001,1.1331,540.51,0.0001,6
1833.97,0.0009,0.0152,1.6338,450.03,0.0013,3
1777.75,0.0002,0.0023,1.2588,513.28,0.0002,5
1953.53,0.0003,0.0026,1.1703,633.08,0.0002,16
310.53,0.0002,0.0028,1.1546,543.8,0.0001,22
1370.38,0.0001,0.0016,1.3939,613.32,0.0001,10
0.86,0,0,52.6591,1932.61,0,19
